customer_id,age,tenure_months,monthly_charges,contract_type,num_support_calls,has_internet,churn
1,23,58,55.16,month-to-month,3,True,0
2,65,53,88.49,month-to-month,1,True,0
3,58,40,70.69,month-to-month,1,True,1
4,45,63,64.34,month-to-month,3,False,0
5,44,9,67.88,month-to-month,1,True,0
6,71,66,74.46,month-to-month,3,True,0
7,23,61,82.34,one-year,1,True,0
8,61,36,50.01,month-to-month,1,True,0
9,30,52,49.17,one-year,3,True,0
10,23,37,92.09,month-to-month,1,True,0
11,50,19,61.75,month-to-month,3,True,1
12,78,57,41.66,month-to-month,5,True,1
13,63,17,78.88,month-to-month,1,True,0
14,65,22,79.27,month-to-month,4,False,1
15,62,37,39.39,two-year,1,True,0
16,66,60,74.59,month-to-month,2,False,0
17,49,27,84.71,month-to-month,2,True,0
18,25,35,77.49,one-year,2,True,0
19,70,2,82.64,month-to-month,2,True,1
20,45,8,41.91,month-to-month,6,True,1
21,49,4,76.62,month-to-month,2,True,1
22,40,5,63.95,month-to-month,0,True,1
23,29,62,60.34,month-to-month,3,True,0
24,75,60,87.41,one-year,1,True,0
25,66,59,99.59,two-year,7,True,0
26,57,4,105.89,month-to-month,0,True,1
27,42,5,96.3,one-year,1,True,0
28,69,20,67.81,one-year,2,True,0
29,51,40,77.05,month-to-month,4,True,0
30,45,24,85.34,one-year,1,True,0
31,45,35,72.42,one-year,2,True,0
32,32,12,72.62,two-year,3,True,0
33,23,52,86.48,two-year,1,True,0
34,52,22,68.81,month-to-month,1,True,0
35,73,4,55.41,month-to-month,1,True,0
36,21,53,61.71,month-to-month,2,True,0
37,71,65,82.68,month-to-month,1,True,0
38,69,1,70.06,month-to-month,0,True,0
39,35,31,76.8,two-year,4,True,1
40,57,59,83.4,month-to-month,0,True,0
41,28,50,62.5,month-to-month,3,True,0
42,65,61,85.12,two-year,2,True,0
43,61,29,77.58,month-to-month,2,True,0
44,39,26,45.3,month-to-month,5,True,1
45,22,51,98.85,two-year,0,True,0
46,78,11,59.99,month-to-month,2,True,1
47,45,17,36.9,month-to-month,1,True,0
48,73,43,49.1,month-to-month,0,True,0
49,60,48,49.58,two-year,0,True,0
50,66,8,71.04,month-to-month,4,True,1
51,65,36,64.52,month-to-month,3,True,0
52,30,26,63.26,month-to-month,1,True,0
53,40,36,82.39,month-to-month,6,True,0
54,46,69,76.8,two-year,2,True,0
55,48,5,76.32,month-to-month,2,True,1
56,20,71,78.2,two-year,1,True,0
57,51,32,82.32,month-to-month,0,True,0
58,27,55,27.84,month-to-month,0,True,0
59,64,30,62.71,two-year,2,False,1
60,60,22,26.4,month-to-month,1,False,0
61,75,55,,month-to-month,0,True,0
62,64,49,69.91,two-year,3,True,0
63,40,10,90.91,month-to-month,1,True,0
64,77,50,93.75,month-to-month,2,True,0
65,43,54,74.06,two-year,5,True,0
66,38,27,59.99,month-to-month,0,True,0
67,74,66,79.7,month-to-month,0,True,0
68,40,46,59.44,month-to-month,0,True,0
69,22,24,69.97,month-to-month,3,True,0
70,47,0,89.72,month-to-month,1,True,0
71,67,48,58.84,one-year,1,True,0
72,29,15,86.11,month-to-month,1,True,0
73,46,54,83.55,one-year,3,True,0
74,26,37,,month-to-month,1,False,0
75,60,33,89.48,month-to-month,1,True,0
76,47,11,83.97,month-to-month,3,True,0
77,38,51,72.04,one-year,1,True,0
78,32,11,54.75,month-to-month,1,False,1
79,52,30,52.82,month-to-month,2,False,0
80,59,60,59.25,two-year,4,True,1
81,76,66,80.85,one-year,0,True,0
82,45,71,50.89,month-to-month,4,True,0
83,27,68,78.75,two-year,3,True,0
84,69,40,45.16,month-to-month,0,False,0
85,57,14,65.92,month-to-month,1,True,0
86,61,60,72.19,month-to-month,2,True,0
87,24,57,118.9,month-to-month,0,True,0
88,37,71,42.45,month-to-month,1,True,0
89,65,46,99.44,one-year,2,True,1
90,69,10,73.0,month-to-month,3,True,0
91,44,36,78.22,two-year,6,True,0
92,67,32,72.37,two-year,2,True,0
93,70,60,78.89,one-year,1,False,0
94,42,28,,one-year,1,True,0
95,73,23,99.08,one-year,1,False,0
96,35,5,60.87,two-year,2,True,0
97,32,60,92.64,month-to-month,2,True,0
98,60,54,,month-to-month,3,True,0
99,57,2,68.79,month-to-month,3,True,1
100,26,31,48.56,month-to-month,2,True,1
101,69,34,79.1,month-to-month,2,True,0
102,30,33,98.9,one-year,0,True,0
103,67,66,,month-to-month,0,True,0
104,18,10,,two-year,1,True,0
105,67,22,47.71,month-to-month,4,False,0
106,66,13,65.41,month-to-month,0,False,1
107,66,17,38.14,month-to-month,1,False,0
108,59,65,51.74,month-to-month,0,True,0
109,47,67,74.54,month-to-month,1,False,0
110,61,3,96.38,month-to-month,4,True,1
111,35,45,126.18,month-to-month,3,False,0
112,66,16,58.27,month-to-month,2,True,0
113,52,13,98.71,month-to-month,1,True,0
114,46,21,74.88,month-to-month,3,False,0
115,49,13,66.98,month-to-month,3,True,0
116,53,35,,month-to-month,0,True,0
117,20,71,71.24,month-to-month,4,True,0
118,26,42,72.21,month-to-month,1,True,0
119,33,52,61.83,month-to-month,0,True,0
120,25,35,42.04,one-year,0,False,1
121,45,1,39.13,two-year,2,False,0
122,59,6,83.06,two-year,3,False,0
123,58,19,64.47,month-to-month,1,True,0
124,47,17,58.08,month-to-month,2,True,1
125,71,60,70.17,month-to-month,3,True,0
126,53,60,85.9,one-year,2,True,0
127,22,61,73.61,one-year,2,True,0
128,65,45,56.88,two-year,1,True,0
129,53,40,94.53,two-year,3,False,0
130,57,46,101.58,month-to-month,3,True,0
131,53,29,79.89,one-year,4,True,0
132,52,48,89.47,two-year,1,True,0
133,23,57,94.84,month-to-month,1,True,0
134,52,54,92.6,two-year,2,True,0
135,67,44,82.28,month-to-month,0,True,0
136,36,4,81.97,two-year,2,True,0
137,55,52,80.39,one-year,6,True,0
138,19,26,48.05,month-to-month,1,True,0
139,39,53,84.01,one-year,1,True,0
140,45,38,42.88,month-to-month,1,True,0
141,78,63,54.11,one-year,1,True,0
142,31,24,96.07,one-year,2,True,0
143,35,67,86.8,one-year,4,True,0
144,43,60,99.75,two-year,1,True,0
145,79,23,64.57,month-to-month,0,False,0
146,70,34,46.96,month-to-month,6,True,0
147,20,38,,month-to-month,0,True,0
148,32,55,72.04,month-to-month,2,True,0
149,68,49,71.58,month-to-month,0,True,0
150,21,61,92.67,month-to-month,2,True,0
151,71,26,62.77,month-to-month,0,False,0
152,35,36,77.04,month-to-month,2,True,1
153,74,31,50.23,two-year,4,True,0
154,36,65,79.01,month-to-month,1,True,0
155,44,21,70.06,two-year,0,True,0
156,59,42,55.0,month-to-month,4,False,0
157,25,8,65.28,month-to-month,3,True,0
158,52,61,66.32,month-to-month,3,True,0
159,49,27,64.6,month-to-month,1,True,0
160,66,24,105.43,month-to-month,3,True,0
161,79,41,68.03,month-to-month,2,True,0
162,59,35,65.12,month-to-month,5,True,1
163,43,61,28.05,month-to-month,5,True,0
164,43,38,52.12,one-year,1,True,0
165,43,37,64.74,month-to-month,1,False,0
166,68,7,56.28,two-year,2,True,0
167,37,1,97.63,month-to-month,5,True,1
168,28,28,66.7,two-year,1,True,0
169,38,71,95.77,one-year,3,True,0
170,19,66,71.23,two-year,4,True,0
171,24,45,70.74,two-year,5,True,0
172,23,45,68.22,month-to-month,4,True,0
173,65,28,70.08,month-to-month,2,True,1
174,62,12,104.38,month-to-month,0,True,0
175,61,0,23.61,two-year,1,True,1
176,46,24,29.97,one-year,1,True,0
177,62,22,59.14,month-to-month,0,True,1
178,27,13,70.29,two-year,1,True,0
179,73,18,83.8,month-to-month,2,True,0
180,49,1,79.46,one-year,1,False,1
181,76,43,62.32,one-year,3,True,0
182,27,66,90.38,month-to-month,1,True,0
183,48,49,90.6,one-year,3,True,0
184,61,32,73.68,two-year,4,True,0
185,48,30,,month-to-month,2,True,0
186,45,22,75.45,month-to-month,4,True,1
187,28,10,58.77,month-to-month,3,True,1
188,41,43,83.96,one-year,3,True,0
189,32,40,72.21,month-to-month,1,True,0
190,36,0,70.03,two-year,2,True,0
191,60,29,99.46,two-year,2,False,1
192,57,20,20.98,month-to-month,1,False,0
193,55,12,41.65,month-to-month,5,True,0
194,40,50,46.26,one-year,3,True,0
195,77,37,62.73,one-year,3,True,0
196,23,45,64.91,month-to-month,0,True,0
197,39,51,39.85,month-to-month,5,True,1
198,25,70,50.3,month-to-month,0,True,0
199,39,57,52.78,two-year,1,False,0
200,77,44,119.15,month-to-month,1,True,0
201,40,63,106.03,two-year,1,True,0
202,74,34,61.77,month-to-month,1,True,0
203,48,70,62.73,two-year,2,True,0
204,61,54,47.02,month-to-month,4,False,0
205,46,46,31.84,month-to-month,3,True,0
206,34,65,67.66,two-year,4,True,0
207,65,37,,two-year,2,True,0
208,78,51,68.3,month-to-month,0,True,0
209,34,20,38.0,month-to-month,4,True,1
210,66,69,54.76,month-to-month,3,True,0
211,34,44,72.97,month-to-month,1,True,0
212,62,56,77.32,month-to-month,2,True,0
213,66,33,78.35,two-year,2,True,0
214,45,62,43.59,month-to-month,2,True,0
215,63,5,87.09,one-year,1,True,0
216,34,8,54.0,month-to-month,1,True,0
217,22,36,82.66,month-to-month,0,True,0
218,23,52,69.79,one-year,1,True,0
219,45,58,42.47,month-to-month,1,True,0
220,73,31,63.68,one-year,3,True,0
221,25,46,77.31,month-to-month,1,True,0
222,46,39,82.26,two-year,1,False,0
223,61,69,67.18,one-year,2,True,0
224,30,47,100.64,two-year,2,True,0
225,62,30,90.15,month-to-month,3,True,0
226,36,69,64.87,month-to-month,1,True,0
227,68,7,85.0,month-to-month,1,True,1
228,53,70,108.68,month-to-month,2,True,0
229,51,11,109.21,month-to-month,0,True,0
230,28,20,45.44,month-to-month,3,True,0
231,46,59,51.47,month-to-month,0,True,0
232,71,52,99.7,month-to-month,1,True,0
233,19,69,48.83,month-to-month,3,True,0
234,65,53,43.55,month-to-month,0,False,0
235,48,45,60.28,month-to-month,0,True,0
236,62,24,78.4,one-year,2,True,0
237,59,0,67.95,month-to-month,2,True,0
238,44,8,56.99,month-to-month,1,True,0
239,37,21,56.52,month-to-month,6,True,0
240,56,2,55.75,one-year,6,True,0
241,26,36,52.41,month-to-month,4,True,0
242,54,55,115.63,one-year,3,True,0
243,23,69,75.95,two-year,4,True,0
244,58,35,87.74,month-to-month,4,True,1
245,56,63,60.22,two-year,1,False,0
246,23,70,66.28,one-year,2,True,0
247,64,61,55.73,month-to-month,3,True,0
248,43,33,20.0,month-to-month,1,True,0
249,66,23,42.44,one-year,3,True,0
250,20,70,33.79,two-year,1,False,0
251,29,17,25.0,month-to-month,2,True,0
252,48,29,46.09,month-to-month,2,True,0
253,29,5,96.5,one-year,1,True,0
254,38,57,69.11,month-to-month,3,True,0
255,58,46,,one-year,6,True,0
256,26,6,78.22,month-to-month,1,False,0
257,60,15,85.65,one-year,2,True,0
258,24,39,51.98,two-year,3,True,0
259,28,38,80.48,one-year,2,True,0
260,54,57,84.57,one-year,2,True,0
261,67,19,,one-year,1,False,0
262,28,66,81.19,two-year,1,True,0
263,36,32,81.32,two-year,4,True,0
264,75,59,59.01,month-to-month,0,True,0
265,79,17,47.54,one-year,1,True,0
266,54,2,46.32,month-to-month,1,True,1
267,45,3,71.73,two-year,1,True,0
268,39,26,76.54,one-year,4,True,0
269,55,68,54.15,month-to-month,1,True,1
270,54,3,70.53,month-to-month,2,True,1
271,36,26,81.41,month-to-month,3,True,0
272,19,7,82.36,one-year,2,True,0
273,27,67,101.04,month-to-month,2,True,0
274,77,48,95.54,month-to-month,3,True,0
275,43,54,49.97,two-year,2,True,0
276,47,51,103.67,one-year,1,True,0
277,46,47,59.38,month-to-month,1,True,0
278,66,55,90.9,month-to-month,3,True,1
279,22,0,71.36,two-year,5,True,0
280,23,62,61.76,one-year,1,True,0
281,35,53,33.85,one-year,1,True,0
282,48,53,66.57,month-to-month,2,True,0
283,59,28,38.81,month-to-month,2,True,1
284,48,57,89.35,month-to-month,1,True,0
285,45,27,100.34,one-year,1,False,0
286,76,3,54.06,month-to-month,3,True,1
287,27,65,76.04,month-to-month,2,True,0
288,53,16,,one-year,2,True,0
289,51,7,57.43,two-year,0,True,0
290,47,44,85.49,one-year,0,True,0
291,68,16,69.23,month-to-month,2,True,0
292,34,61,104.79,month-to-month,1,True,0
293,77,31,60.36,month-to-month,4,True,1
294,38,0,89.99,month-to-month,1,True,0
295,51,68,71.95,month-to-month,4,True,0
296,50,37,85.92,month-to-month,4,True,0
297,70,18,61.06,one-year,1,True,0
298,45,48,69.01,two-year,0,True,0
299,35,38,67.69,two-year,1,True,0
300,19,2,53.28,month-to-month,3,True,1
301,40,54,83.24,month-to-month,5,True,1
302,69,28,83.0,month-to-month,3,True,0
303,18,50,81.87,month-to-month,2,True,0
304,73,64,100.74,month-to-month,2,True,0
305,51,43,98.99,month-to-month,3,True,0
306,26,48,62.5,one-year,3,True,0
307,36,18,77.46,month-to-month,4,True,0
308,52,17,57.53,two-year,1,True,0
309,37,29,70.47,month-to-month,2,True,0
310,24,61,58.01,month-to-month,0,True,0
311,59,37,102.4,month-to-month,0,True,0
312,59,25,,month-to-month,1,True,0
313,25,56,65.64,month-to-month,1,True,0
314,35,61,93.87,two-year,2,True,0
315,33,64,26.59,month-to-month,2,True,0
316,58,21,29.72,month-to-month,3,False,1
317,63,51,85.92,one-year,3,True,0
318,63,42,71.21,month-to-month,1,True,0
319,76,32,75.01,one-year,0,True,0
320,65,28,43.47,month-to-month,2,True,0
321,37,8,69.54,two-year,0,True,0
322,24,19,110.07,month-to-month,1,True,0
323,56,39,86.48,month-to-month,1,True,0
324,74,63,73.39,one-year,2,True,0
325,78,62,61.22,two-year,1,True,0
326,32,13,62.11,month-to-month,1,True,1
327,32,48,27.42,one-year,1,True,0
328,20,6,75.15,month-to-month,1,True,0
329,26,48,86.91,month-to-month,2,True,0
330,52,24,38.49,month-to-month,1,True,0
331,51,32,56.77,one-year,1,True,0
332,40,51,46.85,month-to-month,4,False,1
333,37,30,50.69,one-year,1,False,0
334,69,58,71.07,month-to-month,0,True,0
335,46,38,28.31,two-year,0,True,0
336,68,71,82.29,two-year,2,True,0
337,77,45,85.08,month-to-month,3,True,1
338,37,21,64.98,month-to-month,1,True,0
339,30,55,20.39,month-to-month,1,True,0
340,77,29,50.07,two-year,1,False,0
341,57,38,94.66,month-to-month,1,False,0
342,36,9,20.0,month-to-month,1,True,0
343,56,8,63.05,month-to-month,2,True,1
344,49,41,46.4,one-year,1,True,0
345,74,13,86.09,month-to-month,2,True,0
346,33,71,56.5,month-to-month,5,False,0
347,79,61,78.08,two-year,3,True,0
348,76,50,81.31,month-to-month,2,True,0
349,29,52,,two-year,1,True,0
350,28,42,65.94,month-to-month,3,True,0
351,51,4,77.52,month-to-month,1,True,0
352,20,28,40.3,two-year,2,True,0
353,36,35,93.81,one-year,1,True,0
354,44,65,54.79,one-year,4,True,0
355,78,15,58.78,month-to-month,3,True,1
356,79,35,69.56,month-to-month,5,True,0
357,27,24,38.74,month-to-month,1,True,1
358,73,9,,month-to-month,4,True,0
359,23,7,89.35,month-to-month,2,True,0
360,64,26,75.86,month-to-month,1,True,0
361,70,5,38.22,month-to-month,3,True,1
362,73,4,67.52,month-to-month,2,True,1
363,31,25,84.84,month-to-month,2,True,0
364,73,14,32.44,month-to-month,3,True,0
365,25,39,48.5,two-year,1,True,0
366,50,1,87.53,one-year,2,True,0
367,47,21,75.4,month-to-month,1,True,0
368,37,32,78.24,one-year,4,True,0
369,19,69,107.19,two-year,2,True,0
370,65,45,79.37,month-to-month,1,True,0
371,38,63,83.16,month-to-month,4,True,0
372,59,24,124.21,month-to-month,4,True,1
373,43,32,65.72,month-to-month,3,False,0
374,41,30,54.04,one-year,5,True,0
375,72,63,78.56,two-year,4,False,0
376,23,69,78.78,month-to-month,3,True,0
377,63,69,59.47,one-year,0,False,0
378,64,54,49.35,month-to-month,4,False,0
379,41,36,116.2,one-year,1,False,1
380,34,38,76.54,one-year,2,True,0
381,18,70,55.35,month-to-month,0,True,0
382,76,20,88.32,month-to-month,2,True,0
383,76,24,67.82,one-year,1,True,0
384,32,64,64.94,two-year,2,True,1
385,19,27,81.25,month-to-month,0,False,0
386,25,16,44.16,month-to-month,1,True,0
387,22,40,77.05,month-to-month,1,True,0
388,69,23,108.26,one-year,2,True,0
389,73,64,79.32,one-year,2,True,0
390,27,65,62.48,one-year,0,True,0
391,64,22,59.86,one-year,2,True,0
392,29,38,61.79,two-year,5,True,0
393,40,70,64.92,two-year,5,True,0
394,55,53,62.44,month-to-month,4,True,0
395,62,15,88.33,one-year,0,True,0
396,72,42,35.34,month-to-month,0,True,0
397,20,44,87.24,month-to-month,1,True,0
398,30,47,62.41,two-year,3,False,1
399,35,1,77.54,one-year,1,True,0
400,37,21,47.46,two-year,2,True,0
401,79,61,96.57,month-to-month,2,True,0
402,66,17,94.91,month-to-month,3,True,0
403,37,21,89.19,month-to-month,0,True,0
404,78,23,39.7,month-to-month,1,True,0
405,48,12,86.58,month-to-month,2,True,0
406,49,11,78.1,month-to-month,0,True,1
407,44,24,,month-to-month,1,True,0
408,26,62,69.51,two-year,1,False,0
409,75,0,77.29,month-to-month,2,True,0
410,18,20,81.12,month-to-month,0,True,0
411,28,4,73.55,one-year,1,True,0
412,32,40,75.82,month-to-month,2,True,0
413,35,18,99.47,two-year,1,True,0
414,26,57,94.52,one-year,2,True,0
415,19,42,20.0,month-to-month,2,True,0
416,60,56,63.65,one-year,1,True,0
417,78,45,66.71,one-year,5,False,0
418,25,31,34.96,one-year,2,True,0
419,36,61,71.88,two-year,1,True,0
420,49,34,94.98,one-year,2,True,0
421,75,68,48.27,one-year,1,True,0
422,61,71,76.73,month-to-month,2,True,0
423,65,42,51.68,one-year,0,True,0
424,54,48,56.56,two-year,2,True,0
425,43,18,99.55,one-year,4,True,0
426,30,58,59.15,one-year,4,False,0
427,71,48,79.24,month-to-month,4,False,0
428,67,64,32.58,one-year,0,False,0
429,19,19,107.25,two-year,2,True,0
430,62,56,82.05,month-to-month,1,True,0
431,23,33,66.35,month-to-month,2,True,0
432,63,13,81.51,month-to-month,2,False,0
433,69,12,41.8,month-to-month,2,True,1
434,26,40,93.65,one-year,0,True,1
435,44,23,63.52,month-to-month,0,True,1
436,25,7,,month-to-month,0,True,0
437,53,30,60.17,one-year,3,False,0
438,75,47,58.39,one-year,3,True,0
439,23,22,83.89,one-year,3,True,0
440,42,68,75.12,one-year,0,True,0
441,78,56,83.03,one-year,3,True,0
442,36,36,69.82,one-year,2,True,0
443,26,67,80.26,one-year,1,False,0
444,48,31,61.62,month-to-month,5,True,0
445,49,10,114.59,one-year,2,True,1
446,59,2,38.64,month-to-month,1,True,1
447,37,67,95.22,month-to-month,0,True,0
448,77,69,97.36,month-to-month,3,True,0
449,50,53,52.96,two-year,1,True,0
450,35,7,114.59,one-year,2,False,0
451,77,21,89.91,month-to-month,0,True,0
452,75,2,89.42,one-year,0,True,0
453,48,3,70.56,month-to-month,2,True,0
454,19,17,65.66,one-year,0,True,0
455,55,41,65.81,two-year,1,True,0
456,52,4,77.81,one-year,6,False,1
457,27,70,98.02,one-year,0,True,0
458,57,32,73.63,month-to-month,1,False,0
459,70,18,51.77,month-to-month,4,True,1
460,24,37,86.49,two-year,2,True,0
461,62,56,88.42,one-year,3,True,0
462,26,22,83.09,month-to-month,2,True,0
463,64,3,84.91,month-to-month,1,False,0
464,43,3,64.58,month-to-month,0,True,0
465,18,61,51.42,month-to-month,1,True,0
466,77,8,52.64,month-to-month,1,True,0
467,28,45,37.29,month-to-month,2,False,0
468,54,27,74.74,two-year,0,True,0
469,29,55,68.33,month-to-month,2,True,0
470,75,4,61.2,month-to-month,3,True,1
471,63,64,20.0,month-to-month,1,False,0
472,67,50,45.05,month-to-month,1,True,0
473,44,32,92.42,two-year,3,True,0
474,46,14,,month-to-month,1,False,0
475,57,70,77.21,one-year,1,True,0
476,66,21,42.19,two-year,3,True,0
477,70,35,,month-to-month,1,True,0
478,19,28,67.12,one-year,4,True,0
479,59,16,75.8,two-year,1,True,0
480,24,29,116.52,month-to-month,1,True,1
481,35,10,100.33,month-to-month,2,True,0
482,69,0,63.87,two-year,0,True,0
483,33,20,58.14,two-year,0,True,0
484,67,8,63.49,month-to-month,2,True,0
485,46,29,80.2,one-year,2,True,0
486,32,62,67.9,month-to-month,1,True,0
487,38,11,62.1,two-year,1,True,0
488,50,0,99.34,month-to-month,0,True,0
489,65,7,67.72,month-to-month,3,True,0
490,55,36,115.99,one-year,3,True,0
491,75,19,,two-year,1,True,0
492,71,35,105.71,two-year,0,False,0
493,64,2,77.15,month-to-month,3,True,0
494,55,23,89.26,month-to-month,2,True,0
495,35,29,55.51,two-year,1,True,0
496,43,31,52.92,two-year,5,True,0
497,25,39,79.19,month-to-month,1,True,0
498,41,56,89.77,one-year,0,True,0
499,75,33,70.81,month-to-month,3,False,0
500,44,60,44.27,month-to-month,2,True,0
501,25,38,42.79,month-to-month,1,True,0
502,58,18,41.46,month-to-month,3,True,0
503,77,16,34.65,month-to-month,1,True,0
504,71,23,72.19,two-year,3,False,0
505,34,43,92.5,month-to-month,5,True,1
506,46,17,69.73,month-to-month,3,True,1
507,50,65,24.79,month-to-month,2,True,0
508,33,34,66.18,month-to-month,2,True,0
509,34,62,66.74,month-to-month,1,True,0
510,32,49,111.92,one-year,4,True,0
511,79,24,40.86,month-to-month,2,True,0
512,64,16,62.19,one-year,0,True,0
513,70,53,104.12,two-year,2,True,0
514,68,23,79.0,month-to-month,3,True,0
515,77,17,81.27,two-year,1,True,0
516,24,66,72.29,two-year,0,True,1
517,72,34,76.6,two-year,1,True,1
518,22,3,85.55,one-year,2,True,0
519,47,35,53.81,one-year,0,False,0
520,54,33,,one-year,4,True,0
521,40,62,42.54,one-year,2,True,0
522,27,51,76.57,month-to-month,2,True,0
523,29,13,73.57,two-year,3,True,0
524,69,10,57.67,one-year,2,False,0
525,37,43,69.55,one-year,1,True,0
526,37,3,57.55,month-to-month,0,True,0
527,75,22,48.57,month-to-month,3,False,1
528,26,9,62.93,month-to-month,3,True,1
529,74,1,47.92,month-to-month,0,True,0
530,75,66,76.46,month-to-month,1,True,0
531,55,6,47.0,month-to-month,2,True,1
532,28,0,84.24,month-to-month,2,True,1
533,27,67,46.37,month-to-month,3,True,0
534,35,13,58.67,month-to-month,1,True,1
535,53,58,57.51,two-year,2,True,0
536,27,2,96.5,month-to-month,2,True,0
537,46,11,76.61,month-to-month,2,True,1
538,25,7,65.77,month-to-month,2,True,1
539,51,50,79.97,month-to-month,0,True,0
540,19,44,27.86,month-to-month,1,True,0
541,61,34,69.14,one-year,6,True,1
542,21,17,109.95,two-year,3,True,0
543,30,6,72.65,month-to-month,2,True,0
544,28,40,71.36,one-year,2,True,0
545,69,16,80.96,month-to-month,1,True,0
546,21,42,87.91,month-to-month,5,True,0
547,44,49,30.05,month-to-month,2,True,0
548,54,61,,month-to-month,0,True,0
549,49,35,74.21,one-year,4,True,0
550,60,0,55.7,one-year,1,True,0
551,67,20,,one-year,1,False,0
552,42,61,63.7,month-to-month,2,True,0
553,69,38,31.31,one-year,3,True,0
554,37,44,44.64,month-to-month,3,False,0
555,79,32,20.0,month-to-month,1,False,0
556,49,11,65.32,month-to-month,2,True,0
557,63,64,66.23,one-year,1,True,0
558,72,55,61.51,two-year,2,False,0
559,67,71,91.58,month-to-month,1,True,1
560,70,61,93.97,one-year,0,True,0
561,51,20,66.59,one-year,1,True,0
562,20,18,27.31,two-year,3,True,0
563,48,17,82.35,month-to-month,2,True,0
564,29,66,81.11,one-year,1,True,0
565,73,40,76.19,one-year,0,True,0
566,32,32,89.63,two-year,3,True,1
567,32,69,46.7,month-to-month,1,True,0
568,33,43,110.18,two-year,3,False,0
569,57,65,50.81,month-to-month,3,True,0
570,53,70,84.98,two-year,2,False,0
571,76,5,36.25,month-to-month,1,False,0
572,43,26,51.39,month-to-month,2,True,0
573,35,52,,month-to-month,0,True,0
574,21,58,64.78,month-to-month,0,True,0
575,18,10,,month-to-month,0,False,0
576,41,22,74.74,month-to-month,2,True,1
577,75,39,67.9,month-to-month,4,True,0
578,50,57,97.28,month-to-month,3,True,0
579,73,8,65.27,one-year,3,True,0
580,24,43,34.39,two-year,2,True,0
581,23,21,53.94,one-year,4,True,0
582,69,15,81.02,month-to-month,1,True,1
583,24,37,77.91,month-to-month,1,True,0
584,21,29,38.66,two-year,1,True,0
585,43,45,,month-to-month,2,True,1
586,75,22,58.37,month-to-month,3,False,1
587,60,59,62.69,two-year,2,True,0
588,24,5,42.48,two-year,1,True,0
589,69,62,57.43,month-to-month,2,False,0
590,70,2,55.43,one-year,0,True,0
591,67,52,85.43,month-to-month,2,True,0
592,73,24,86.18,one-year,2,False,0
593,32,27,67.08,month-to-month,2,True,1
594,78,1,62.16,month-to-month,3,True,0
595,37,50,72.8,one-year,0,True,0
596,67,11,53.67,month-to-month,1,True,1
597,53,47,47.06,one-year,2,True,0
598,66,52,51.2,month-to-month,0,True,0
599,56,60,57.3,two-year,0,True,0
600,57,50,46.73,two-year,3,True,0
601,56,21,73.24,month-to-month,1,True,0
602,66,53,84.59,one-year,3,True,0
603,63,59,38.26,month-to-month,2,True,0
604,26,22,70.5,month-to-month,4,True,0
605,69,8,,month-to-month,1,True,1
606,51,64,76.83,two-year,2,False,0
607,38,10,69.74,two-year,3,True,0
608,49,42,40.93,two-year,1,True,0
609,77,17,44.75,two-year,0,True,0
610,71,9,70.59,two-year,1,True,0
611,69,55,90.58,month-to-month,2,False,0
612,46,10,25.72,two-year,6,True,0
613,66,48,76.91,one-year,1,True,0
614,41,49,93.79,month-to-month,1,True,0
615,60,4,66.94,one-year,2,True,0
616,57,12,81.0,month-to-month,1,True,0
617,33,57,55.94,month-to-month,3,False,1
618,34,36,67.61,month-to-month,1,True,0
619,21,8,37.58,month-to-month,3,True,0
620,26,71,23.11,month-to-month,3,True,0
621,44,19,88.86,two-year,4,True,1
622,47,0,50.3,one-year,1,True,1
623,28,66,60.89,month-to-month,3,True,0
624,43,1,42.27,month-to-month,3,True,1
625,55,39,41.8,month-to-month,1,True,0
626,32,71,66.52,month-to-month,3,False,0
627,38,41,55.41,two-year,4,True,1
628,40,42,77.56,month-to-month,0,False,0
629,49,27,79.05,one-year,0,True,0
630,40,9,76.42,one-year,2,True,0
631,63,41,74.77,one-year,1,True,0
632,38,64,101.56,two-year,1,True,0
633,44,6,48.65,month-to-month,1,True,0
634,41,63,68.9,two-year,1,True,0
635,29,29,,one-year,2,True,0
636,60,38,95.29,one-year,0,False,0
637,32,11,41.56,one-year,0,True,0
638,36,44,63.75,two-year,3,True,0
639,67,13,97.16,two-year,2,True,0
640,76,19,80.16,month-to-month,3,True,0
641,59,51,73.91,two-year,1,True,0
642,74,3,65.65,one-year,2,False,0
643,70,32,62.32,month-to-month,2,True,0
644,47,42,75.76,two-year,2,False,0
645,65,9,64.95,month-to-month,2,True,0
646,38,21,69.15,one-year,1,True,0
647,46,24,71.57,month-to-month,4,True,1
648,51,47,56.44,month-to-month,3,True,0
649,77,70,80.64,two-year,1,False,0
650,70,60,128.28,month-to-month,2,True,0
651,48,13,34.46,month-to-month,1,True,0
652,58,1,,month-to-month,3,True,0
653,30,3,54.8,month-to-month,2,True,1
654,67,42,81.55,two-year,2,True,0
655,52,11,70.93,two-year,2,False,0
656,51,16,85.24,month-to-month,3,True,0
657,65,61,93.51,one-year,5,True,0
658,57,62,73.85,month-to-month,1,True,0
659,22,60,92.64,one-year,3,True,0
660,35,18,,month-to-month,2,True,0
661,28,44,101.81,month-to-month,3,True,0
662,63,43,77.5,month-to-month,1,True,1
663,20,13,,one-year,3,True,0
664,30,39,,month-to-month,1,False,0
665,55,37,53.38,month-to-month,5,False,1
666,61,28,72.92,two-year,2,True,0
667,49,54,69.66,one-year,3,True,0
668,71,48,75.66,month-to-month,2,True,0
669,74,38,91.69,two-year,2,True,1
670,26,52,34.7,two-year,1,True,0
671,77,54,89.48,month-to-month,1,True,0
672,56,40,70.17,one-year,0,True,0
673,57,19,65.92,month-to-month,1,False,0
674,23,54,40.58,one-year,0,False,0
675,56,51,80.06,month-to-month,2,True,0
676,62,70,21.72,one-year,3,True,0
677,54,10,82.97,month-to-month,1,True,1
678,23,30,40.16,month-to-month,4,True,0
679,50,66,71.07,two-year,1,True,0
680,76,37,67.62,month-to-month,2,False,1
681,62,67,93.39,two-year,1,True,0
682,26,0,66.43,two-year,0,True,0
683,77,2,56.12,two-year,3,True,0
684,77,57,59.87,month-to-month,1,True,0
685,28,25,95.46,two-year,2,True,0
686,67,37,80.73,month-to-month,2,True,0
687,43,30,62.29,month-to-month,1,True,1
688,54,29,65.27,two-year,4,True,0
689,45,67,38.66,one-year,1,True,0
690,66,6,77.77,month-to-month,2,True,0
691,79,55,34.8,month-to-month,2,True,0
692,67,64,85.04,two-year,5,False,0
693,75,47,72.57,one-year,3,True,0
694,76,28,117.74,month-to-month,1,True,0
695,23,11,48.0,two-year,0,True,0
696,33,49,67.95,month-to-month,1,True,0
697,62,33,105.97,month-to-month,2,True,0
698,54,10,93.83,one-year,3,True,0
699,21,25,56.08,two-year,1,True,0
700,23,69,74.48,month-to-month,1,False,0
701,50,19,70.04,month-to-month,2,True,0
702,56,12,75.64,month-to-month,1,True,0
703,28,49,56.03,two-year,2,False,0
704,28,14,68.21,month-to-month,1,True,1
705,26,66,38.04,month-to-month,2,True,0
706,53,61,72.7,two-year,2,True,0
707,18,70,79.0,month-to-month,1,True,0
708,53,65,65.45,one-year,1,True,0
709,47,17,37.7,month-to-month,3,True,0
710,46,15,89.77,two-year,2,True,0
711,60,24,77.29,month-to-month,2,False,1
712,50,33,55.48,month-to-month,2,True,0
713,63,63,64.39,month-to-month,1,True,0
714,65,52,39.99,one-year,1,True,0
715,75,46,49.49,one-year,2,True,0
716,67,63,59.24,month-to-month,3,True,0
717,50,46,94.57,month-to-month,2,True,0
718,48,27,57.21,two-year,2,False,1
719,32,29,82.8,month-to-month,6,True,0
720,55,37,59.23,month-to-month,1,True,1
721,26,6,,one-year,3,True,0
722,75,53,67.17,month-to-month,2,True,0
723,70,46,87.46,month-to-month,1,True,0
724,25,52,59.3,month-to-month,2,True,0
725,66,38,38.55,month-to-month,3,True,1
726,25,56,,month-to-month,2,True,0
727,62,68,59.36,one-year,2,True,0
728,23,41,45.02,one-year,0,True,0
729,48,31,78.2,month-to-month,1,True,0
730,58,7,60.68,two-year,3,True,0
731,63,56,117.49,month-to-month,1,True,0
732,43,65,35.25,one-year,2,True,0
733,75,50,74.07,month-to-month,0,True,0
734,66,62,47.44,one-year,2,False,0
735,30,62,60.13,month-to-month,3,True,0
736,59,57,72.83,month-to-month,4,True,0
737,63,36,23.49,month-to-month,1,False,0
738,38,7,74.74,month-to-month,1,True,0
739,63,0,108.06,month-to-month,0,True,1
740,73,14,60.93,one-year,0,True,0
741,68,31,75.2,two-year,2,True,0
742,65,53,90.5,month-to-month,3,True,0
743,57,32,66.72,two-year,3,False,0
744,34,1,58.38,one-year,1,True,0
745,67,15,24.49,two-year,3,True,0
746,40,70,82.82,one-year,0,True,0
747,50,71,67.74,one-year,1,False,0
748,37,27,49.75,month-to-month,1,True,0
749,37,57,72.53,one-year,3,True,0
750,27,51,58.33,two-year,0,True,0
751,77,67,59.43,month-to-month,1,True,0
752,27,63,82.13,month-to-month,1,True,0
753,23,45,43.23,month-to-month,4,True,0
754,76,28,90.95,two-year,0,True,0
755,52,45,42.05,month-to-month,4,True,0
756,45,22,56.75,one-year,2,True,1
757,63,25,108.46,two-year,1,True,0
758,41,43,92.55,two-year,1,True,0
759,25,41,71.95,month-to-month,0,True,0
760,63,41,51.19,one-year,0,True,0
761,28,27,59.41,two-year,1,True,0
762,52,29,71.47,month-to-month,0,True,0
763,76,0,70.75,one-year,1,False,0
764,76,43,68.18,month-to-month,4,True,0
765,40,41,69.38,one-year,0,True,0
766,66,67,65.71,month-to-month,1,True,0
767,55,36,41.16,month-to-month,0,False,0
768,47,33,59.67,month-to-month,1,True,0
769,26,4,88.29,month-to-month,0,True,0
770,41,14,,month-to-month,2,True,1
771,58,24,66.21,one-year,0,True,0
772,79,27,53.6,month-to-month,1,False,0
773,18,26,72.23,month-to-month,3,False,1
774,62,28,62.23,one-year,2,True,1
775,70,55,99.55,one-year,0,True,0
776,76,9,,month-to-month,2,True,0
777,44,23,43.76,two-year,1,True,0
778,25,11,83.42,month-to-month,1,False,1
779,34,22,54.51,two-year,2,True,1
780,70,49,58.46,month-to-month,0,True,0
781,72,3,76.28,one-year,2,True,0
782,57,24,60.17,two-year,4,True,1
783,25,1,87.86,two-year,2,True,0
784,25,68,54.51,one-year,2,True,0
785,47,52,57.62,one-year,2,True,0
786,54,17,56.87,month-to-month,3,True,1
787,20,14,58.69,one-year,6,True,0
788,60,7,91.98,one-year,1,False,0
789,51,34,82.58,two-year,4,True,0
790,18,54,104.2,month-to-month,1,True,0
791,23,42,115.35,month-to-month,2,True,0
792,46,63,49.39,one-year,2,True,0
793,62,24,71.41,month-to-month,5,True,1
794,69,20,46.48,month-to-month,1,True,1
795,44,34,54.45,month-to-month,3,True,0
796,36,14,57.4,one-year,0,True,0
797,78,70,48.86,month-to-month,3,False,0
798,46,13,48.96,month-to-month,1,True,0
799,37,34,67.11,month-to-month,1,True,0
800,45,37,45.67,two-year,2,True,1
801,18,4,86.84,one-year,0,True,1
802,36,33,51.64,month-to-month,2,True,1
803,49,32,126.19,month-to-month,0,True,1
804,74,18,60.97,one-year,2,True,0
805,63,9,71.44,month-to-month,1,True,1
806,66,3,44.09,one-year,3,True,0
807,51,0,104.12,month-to-month,3,True,1
808,24,34,92.39,two-year,3,True,0
809,42,6,75.94,month-to-month,2,True,0
810,79,69,43.06,one-year,0,True,0
811,20,17,74.21,month-to-month,3,True,0
812,72,46,47.57,two-year,3,True,0
813,60,48,99.25,two-year,7,True,0
814,35,35,86.18,one-year,3,True,0
815,66,63,71.91,month-to-month,1,True,0
816,69,7,21.27,month-to-month,5,True,1
817,20,16,50.33,two-year,2,True,0
818,24,18,83.76,one-year,3,False,0
819,59,9,94.26,month-to-month,2,True,0
820,79,21,92.18,month-to-month,2,True,0
821,19,22,38.16,month-to-month,1,False,0
822,59,55,76.03,two-year,1,True,0
823,26,21,90.31,one-year,1,True,0
824,58,63,36.83,one-year,4,True,0
825,56,55,69.84,one-year,2,True,0
826,23,64,75.48,month-to-month,2,True,1
827,60,7,63.98,month-to-month,2,True,0
828,73,70,32.96,month-to-month,1,True,0
829,71,44,63.49,one-year,2,True,0
830,19,70,63.45,month-to-month,2,True,0
831,33,25,67.04,month-to-month,2,True,0
832,32,68,58.73,month-to-month,2,True,0
833,46,42,61.14,month-to-month,2,True,0
834,26,5,69.21,one-year,3,True,0
835,70,29,78.85,month-to-month,6,True,1
836,66,9,63.91,month-to-month,2,True,0
837,68,67,61.81,one-year,1,True,0
838,30,21,71.85,month-to-month,3,True,0
839,18,16,31.58,month-to-month,0,False,0
840,74,39,79.54,month-to-month,4,True,1
841,35,30,69.99,two-year,3,True,0
842,58,6,70.79,month-to-month,0,True,0
843,74,58,,one-year,2,False,0
844,20,60,30.94,two-year,2,True,0
845,18,53,30.52,one-year,1,True,0
846,18,44,75.48,month-to-month,0,True,0
847,27,28,69.86,one-year,1,True,0
848,21,39,73.4,month-to-month,0,False,0
849,68,37,60.76,month-to-month,1,True,0
850,55,11,83.29,month-to-month,2,True,0
851,78,5,,month-to-month,1,True,0
852,67,18,79.68,month-to-month,1,True,0
853,77,32,64.78,month-to-month,2,True,0
854,32,11,27.85,month-to-month,0,True,0
855,35,7,85.38,month-to-month,1,True,1
856,70,61,94.43,one-year,2,True,0
857,33,26,82.89,two-year,0,True,0
858,21,42,52.41,month-to-month,1,True,0
859,59,37,83.48,one-year,3,False,0
860,67,52,87.21,month-to-month,2,True,0
861,78,53,101.18,month-to-month,2,True,0
862,75,21,52.48,month-to-month,3,True,0
863,25,61,65.47,month-to-month,0,True,0
864,65,26,84.95,month-to-month,1,True,0
865,70,60,71.15,month-to-month,1,True,0
866,61,29,47.65,month-to-month,3,True,0
867,68,7,78.29,month-to-month,3,True,1
868,69,54,81.57,month-to-month,2,True,0
869,45,2,71.76,month-to-month,0,True,1
870,20,55,74.39,month-to-month,2,True,0
871,46,3,64.83,month-to-month,1,True,1
872,30,14,99.57,month-to-month,1,True,0
873,25,43,51.99,month-to-month,2,True,0
874,25,67,58.25,month-to-month,2,True,0
875,61,29,70.22,month-to-month,4,True,0
876,49,8,87.58,two-year,3,True,0
877,51,16,40.05,month-to-month,2,True,0
878,64,64,43.79,month-to-month,4,True,0
879,51,52,29.25,month-to-month,3,True,0
880,57,7,70.65,two-year,1,True,0
881,23,27,47.63,one-year,0,True,0
882,70,19,62.31,one-year,1,True,0
883,45,12,83.23,two-year,3,True,0
884,27,60,57.17,month-to-month,1,True,0
885,68,44,74.63,two-year,2,True,0
886,63,12,64.01,month-to-month,2,True,1
887,21,46,83.44,one-year,1,True,0
888,29,29,79.5,month-to-month,2,True,1
889,18,4,56.16,month-to-month,0,True,1
890,34,32,66.63,two-year,3,False,0
891,24,13,90.87,month-to-month,5,True,1
892,62,17,77.87,two-year,4,True,1
893,50,63,42.06,month-to-month,2,False,0
894,78,51,83.11,one-year,3,True,0
895,64,9,,two-year,4,True,0
896,55,61,98.25,month-to-month,2,True,0
897,49,41,90.48,two-year,4,True,0
898,21,62,75.8,one-year,3,True,0
899,22,53,73.14,one-year,2,True,0
900,56,24,65.82,month-to-month,2,True,0
901,18,38,83.57,month-to-month,2,True,0
902,20,38,62.58,one-year,2,True,0
903,31,51,74.71,month-to-month,1,True,0
904,72,17,87.44,month-to-month,3,True,0
905,46,23,58.76,month-to-month,1,False,0
906,61,17,57.68,two-year,1,True,0
907,43,21,46.11,month-to-month,0,False,0
908,28,11,48.71,one-year,0,True,0
909,41,2,33.43,two-year,2,True,0
910,23,67,84.6,month-to-month,0,True,0
911,65,5,106.18,month-to-month,4,True,0
912,29,63,98.51,one-year,2,True,0
913,41,0,37.48,month-to-month,0,False,0
914,78,55,84.5,one-year,1,True,0
915,54,23,98.44,one-year,3,True,0
916,46,37,60.86,one-year,1,True,0
917,51,20,72.03,month-to-month,2,True,0
918,66,35,29.84,one-year,2,True,0
919,33,32,75.33,one-year,1,False,0
920,57,38,48.73,month-to-month,2,True,0
921,72,28,73.99,one-year,5,True,1
922,53,38,38.78,two-year,3,True,0
923,45,59,80.86,one-year,4,True,0
924,26,31,90.49,month-to-month,1,False,0
925,33,26,54.34,month-to-month,1,False,0
926,76,9,47.26,month-to-month,0,True,1
927,51,25,26.88,month-to-month,2,False,1
928,36,9,64.67,month-to-month,1,True,1
929,43,13,58.37,two-year,3,True,0
930,53,68,38.98,month-to-month,0,True,0
931,51,6,79.06,two-year,2,True,0
932,61,34,61.0,month-to-month,1,True,0
933,33,60,48.49,month-to-month,0,True,0
934,58,68,58.91,month-to-month,4,True,0
935,45,10,91.43,month-to-month,0,False,0
936,76,11,82.06,one-year,5,False,1
937,27,26,67.4,two-year,3,True,0
938,27,39,82.38,two-year,0,True,0
939,46,69,46.78,month-to-month,1,True,0
940,49,14,70.65,one-year,0,True,0
941,60,11,72.95,month-to-month,4,True,1
942,43,18,60.6,two-year,2,True,0
943,74,62,78.71,month-to-month,3,True,0
944,47,2,54.39,month-to-month,5,True,1
945,26,27,80.2,month-to-month,4,True,1
946,25,8,81.04,month-to-month,4,True,1
947,78,11,,month-to-month,3,False,1
948,26,66,93.81,two-year,1,True,0
949,76,0,20.0,one-year,1,True,0
950,35,23,57.68,two-year,0,True,0
951,23,65,90.51,month-to-month,0,True,0
952,36,43,,one-year,4,True,1
953,56,5,40.68,month-to-month,2,True,1
954,44,33,48.13,month-to-month,3,True,0
955,66,69,90.54,month-to-month,1,True,0
956,55,28,,month-to-month,0,True,0
957,42,38,92.58,one-year,3,True,0
958,57,38,68.9,month-to-month,4,True,1
959,78,47,46.15,month-to-month,6,True,0
960,43,13,58.34,one-year,0,True,1
961,27,60,49.66,month-to-month,0,True,0
962,43,71,87.32,two-year,5,True,0
963,70,10,84.65,month-to-month,3,True,0
964,31,58,35.62,two-year,4,True,0
965,76,58,61.93,one-year,2,True,0
966,54,53,52.74,one-year,4,True,0
967,55,26,,one-year,1,True,0
968,37,33,43.0,two-year,4,True,0
969,75,60,102.08,one-year,1,True,0
970,20,11,69.33,month-to-month,2,False,0
971,36,59,46.76,month-to-month,3,False,0
972,43,66,56.45,one-year,2,True,0
973,47,49,53.97,month-to-month,3,True,0
974,47,24,44.51,month-to-month,1,True,0
975,27,40,71.9,month-to-month,2,True,1
976,31,3,45.44,month-to-month,3,True,0
977,23,67,26.39,month-to-month,3,True,0
978,53,24,62.41,one-year,1,True,0
979,39,4,33.94,one-year,4,True,1
980,53,57,54.96,two-year,1,True,0
981,54,47,51.82,month-to-month,3,True,1
982,61,44,52.58,month-to-month,2,False,0
983,51,3,110.02,one-year,1,True,0
984,58,54,71.13,month-to-month,1,True,0
985,54,45,74.91,one-year,1,False,0
986,58,57,34.47,month-to-month,2,True,0
987,56,59,56.92,two-year,2,True,0
988,37,15,74.31,month-to-month,3,True,0
989,33,15,49.51,two-year,0,True,0
990,66,66,88.16,one-year,1,True,0
991,39,38,45.95,month-to-month,1,True,0
992,52,31,64.27,one-year,4,True,0
993,30,20,58.28,month-to-month,1,True,0
994,44,46,73.29,one-year,2,False,0
995,50,54,57.19,one-year,1,True,0
996,56,0,64.58,month-to-month,1,True,1
997,50,39,65.28,month-to-month,4,True,0
998,40,71,55.31,one-year,0,True,0
999,77,20,79.7,month-to-month,1,True,0
1000,49,20,74.77,two-year,2,True,0
